ID,Tên,Vị trí,Tháng,Năm,Lương cơ bản,Thưởng,Ngày Nghỉ,Lương thực nhận
49,2,1,1,2024,1000000,11,"5,000,000 VND","4,166,666.666666667 VND"
49,22,2,1,2024,"5,000,000 VND",1000000,11,"4,166,666.666666667 VND"
50,22,2,7,2024,"5,000,000 VND",1000000,1,"5,833,333.333333333 VND"
51,le van luyen,Nhân viên kế toán,8,2024,"6,000,000.0 VND",1000000,1,"6,800,000.0 VND"
